CategoryKey,Level,LevelOrder,Category,CategoryBM,DivisionCode,Division,GroupCode,Group,ClassCode,Class,Path
overall,All items,1,All items,Semua item,overall,All items,,,,,
01,Division,2,Food & Beverages,Makanan & Minuman,01,Food & Beverages,,,,,Food & Beverages
02,Division,2,Alcoholic Beverages & Tobacco,Minuman Alkohol & Tembakau,02,Alcoholic Beverages & Tobacco,,,,,Alcoholic Beverages & Tobacco
03,Division,2,Clothing & Footwear,Pakaian & Kasut,03,Clothing & Footwear,,,,,Clothing & Footwear
04,Division,2,"Housing, Water, Electricity, Gas & Other Fuels","Perumahan, Air, Elektrik, Gas & Bahan Api Lain",04,"Housing, Water, Electricity, Gas & Other Fuels",,,,,"Housing, Water, Electricity, Gas & Other Fuels"
05,Division,2,"Furnishings, Household Equipment & Routine Household Maintenance","Hiasan, Perkakasan & Penyelenggaraan Isi Rumah",05,"Furnishings, Household Equipment & Routine Household Maintenance",,,,,"Furnishings, Household Equipment & Routine Household Maintenance"
06,Division,2,Health,Kesihatan,06,Health,,,,,Health
07,Division,2,Transport,Pengangkutan,07,Transport,,,,,Transport
08,Division,2,Information & Communication,Maklumat & Komunikasi,08,Information & Communication,,,,,Information & Communication
09,Division,2,"Recreation, Sport & Culture","Rekreasi, Sukan & Kebudayaan",09,"Recreation, Sport & Culture",,,,,"Recreation, Sport & Culture"
10,Division,2,Education,Pendidikan,10,Education,,,,,Education
11,Division,2,Restaurant & Accommodation Services,Restoran & Perkhidmatan Penginapan,11,Restaurant & Accommodation Services,,,,,Restaurant & Accommodation Services
12,Division,2,Insurance & Financial Services,Insurans & Perkhidmatan Kewangan,12,Insurance & Financial Services,,,,,Insurance & Financial Services
13,Division,2,"Personal Care, Social Protection & Miscellaneous Goods & Services","Penjagaan Diri, Perlindungan Sosial & Pelbagai Barangan & Perkhidmatan",13,"Personal Care, Social Protection & Miscellaneous Goods & Services",,,,,"Personal Care, Social Protection & Miscellaneous Goods & Services"
001,Group,3,Food away from home,Makanan di luar rumah,01,Food & Beverages,001,Food away from home,,,Food & Beverages › Food away from home
011,Group,3,Food at home,Makanan di rumah,01,Food & Beverages,011,Food at home,,,Food & Beverages › Food at home
012,Group,3,Non-alcoholic beverages,Minuman bukan alkohol,01,Food & Beverages,012,Non-alcoholic beverages,,,Food & Beverages › Non-alcoholic beverages
021,Group,3,Alcoholic beverages,Minuman keras/alkohol,02,Alcoholic Beverages & Tobacco,021,Alcoholic beverages,,,Alcoholic Beverages & Tobacco › Alcoholic beverages
023,Group,3,Tobacco,Tembakau,02,Alcoholic Beverages & Tobacco,023,Tobacco,,,Alcoholic Beverages & Tobacco › Tobacco
031,Group,3,Clothes,Pakaian,03,Clothing & Footwear,031,Clothes,,,Clothing & Footwear › Clothes
032,Group,3,Shoes,Kasut,03,Clothing & Footwear,032,Shoes,,,Clothing & Footwear › Shoes
041,Group,3,Actual rentals for housing,Sewa sebenar untuk kediaman,04,"Housing, Water, Electricity, Gas & Other Fuels",041,Actual rentals for housing,,,"Housing, Water, Electricity, Gas & Other Fuels › Actual rentals for housing"
043,Group,3,"Maintenance, repair & security of the dwelling","Penyelenggaran, pembaikan & keselamatan rumah kediaman",04,"Housing, Water, Electricity, Gas & Other Fuels",043,"Maintenance, repair & security of the dwelling",,,"Housing, Water, Electricity, Gas & Other Fuels › Maintenance, repair & security of the dwelling"
044,Group,3,Water supply & miscellaneous services relating to the dwelling,Bekalan air & pelbagai perkhidmatan berkaitan dengan rumah kediaman,04,"Housing, Water, Electricity, Gas & Other Fuels",044,Water supply & miscellaneous services relating to the dwelling,,,"Housing, Water, Electricity, Gas & Other Fuels › Water supply & miscellaneous services relating to the dwelling"
045,Group,3,"Electricity, gas & fuel","Elektrik, gas & bahan api",04,"Housing, Water, Electricity, Gas & Other Fuels",045,"Electricity, gas & fuel",,,"Housing, Water, Electricity, Gas & Other Fuels › Electricity, gas & fuel"
051,Group,3,"Furniture, furnishings & loose carpets","Perabot, kelengkapan & permaidani",05,"Furnishings, Household Equipment & Routine Household Maintenance",051,"Furniture, furnishings & loose carpets",,,"Furnishings, Household Equipment & Routine Household Maintenance › Furniture, furnishings & loose carpets"
052,Group,3,Household textiles,Tekstil isi rumah,05,"Furnishings, Household Equipment & Routine Household Maintenance",052,Household textiles,,,"Furnishings, Household Equipment & Routine Household Maintenance › Household textiles"
053,Group,3,Household appliances,Perkakas isi rumah,05,"Furnishings, Household Equipment & Routine Household Maintenance",053,Household appliances,,,"Furnishings, Household Equipment & Routine Household Maintenance › Household appliances"
054,Group,3,"Glassware, tableware & household utensils","Barang kaca, pinggan mangkuk & peralatan dapur isi rumah",05,"Furnishings, Household Equipment & Routine Household Maintenance",054,"Glassware, tableware & household utensils",,,"Furnishings, Household Equipment & Routine Household Maintenance › Glassware, tableware & household utensils"
055,Group,3,Tools & equipment for house & garden,Alat pertukangan & peralatan untuk rumah & kebun,05,"Furnishings, Household Equipment & Routine Household Maintenance",055,Tools & equipment for house & garden,,,"Furnishings, Household Equipment & Routine Household Maintenance › Tools & equipment for house & garden"
056,Group,3,Goods & services for routine household maintenance,Barangan & perkhidmatan penyelenggaran isi rumah,05,"Furnishings, Household Equipment & Routine Household Maintenance",056,Goods & services for routine household maintenance,,,"Furnishings, Household Equipment & Routine Household Maintenance › Goods & services for routine household maintenance"
061,Group,3,Medicines & health products,Ubat-ubatan & produk kesihatan,06,Health,061,Medicines & health products,,,Health › Medicines & health products
062,Group,3,Outpatient care services,Perkhidmatan penjagaan pesakit luar,06,Health,062,Outpatient care services,,,Health › Outpatient care services
063,Group,3,Inpatient care services,Perkhidmatan penjagaan pesakit dalam hospital,06,Health,063,Inpatient care services,,,Health › Inpatient care services
064,Group,3,Others health services,Perkhidmatan kesihatan lain,06,Health,064,Others health services,,,Health › Others health services
071,Group,3,Purchase of vehicles,Pembelian kenderaan,07,Transport,071,Purchase of vehicles,,,Transport › Purchase of vehicles
072,Group,3,Operation of personal transport equipment,Pengurusan peralatan pengangkutan persendirian,07,Transport,072,Operation of personal transport equipment,,,Transport › Operation of personal transport equipment
073,Group,3,Passenger transport services,Perkhidmatan pengangkutan awam,07,Transport,073,Passenger transport services,,,Transport › Passenger transport services
074,Group,3,Transport services of goods,Perkhidmatan pengangkutan barangan,07,Transport,074,Transport services of goods,,,Transport › Transport services of goods
081,Group,3,Information & communication equipment,Peralatan maklumat & komunikasi,08,Information & Communication,081,Information & communication equipment,,,Information & Communication › Information & communication equipment
083,Group,3,Information & communication services,Perkhidmatan maklumat & komunikasi,08,Information & Communication,083,Information & communication services,,,Information & Communication › Information & communication services
092,Group,3,Other recreational goods,Barangan rekreasi lain,09,"Recreation, Sport & Culture",092,Other recreational goods,,,"Recreation, Sport & Culture › Other recreational goods"
093,Group,3,Garden products & pets,Produk kebun & binatang peliharaan,09,"Recreation, Sport & Culture",093,Garden products & pets,,,"Recreation, Sport & Culture › Garden products & pets"
094,Group,3,Recreational services,Perkhidmatan rekreasi,09,"Recreation, Sport & Culture",094,Recreational services,,,"Recreation, Sport & Culture › Recreational services"
095,Group,3,Cultural goods,Barangan kebudayaan,09,"Recreation, Sport & Culture",095,Cultural goods,,,"Recreation, Sport & Culture › Cultural goods"
096,Group,3,Cultural services,Perkhidmatan kebudayaan,09,"Recreation, Sport & Culture",096,Cultural services,,,"Recreation, Sport & Culture › Cultural services"
097,Group,3,"Newpapers, books & stationery","Surat khabar, buku & alat tulis",09,"Recreation, Sport & Culture",097,"Newpapers, books & stationery",,,"Recreation, Sport & Culture › Newpapers, books & stationery"
098,Group,3,Package holidays,Pakej percutian,09,"Recreation, Sport & Culture",098,Package holidays,,,"Recreation, Sport & Culture › Package holidays"
101,Group,3,Pre primary & primary education,Pendidikan peringkat pra sekolah & sekolah rendah,10,Education,101,Pre primary & primary education,,,Education › Pre primary & primary education
102,Group,3,Secondary education,Pendidikan peringkat menengah,10,Education,102,Secondary education,,,Education › Secondary education
103,Group,3,Post-secondary non-tertiary education,Pendidikan peringkat lepasan menengah bukan tertiari,10,Education,103,Post-secondary non-tertiary education,,,Education › Post-secondary non-tertiary education
104,Group,3,Tertiary education,Pendidikan peringkat diploma & ke atas,10,Education,104,Tertiary education,,,Education › Tertiary education
105,Group,3,Education not defined by level,Pendidikan yang tidak dikelaskan mengikut peringkat,10,Education,105,Education not defined by level,,,Education › Education not defined by level
111,Group,3,Food & beverage preparation services,Perkhidmatan penyediaan minuman,11,Restaurant & Accommodation Services,111,Food & beverage preparation services,,,Restaurant & Accommodation Services › Food & beverage preparation services
112,Group,3,Accommodation services,Perkhidmatan penginapan,11,Restaurant & Accommodation Services,112,Accommodation services,,,Restaurant & Accommodation Services › Accommodation services
121,Group,3,Insurance,Insurans,12,Insurance & Financial Services,121,Insurance,,,Insurance & Financial Services › Insurance
122,Group,3,Financial Services,Perkhidmatan Kewangan,12,Insurance & Financial Services,122,Financial Services,,,Insurance & Financial Services › Financial Services
131,Group,3,Personal care,Penjagaan diri,13,"Personal Care, Social Protection & Miscellaneous Goods & Services",131,Personal care,,,"Personal Care, Social Protection & Miscellaneous Goods & Services › Personal care"
132,Group,3,Other personal item,Barangan peribadi lain,13,"Personal Care, Social Protection & Miscellaneous Goods & Services",132,Other personal item,,,"Personal Care, Social Protection & Miscellaneous Goods & Services › Other personal item"
133,Group,3,Social protection,Perlidungan sosial,13,"Personal Care, Social Protection & Miscellaneous Goods & Services",133,Social protection,,,"Personal Care, Social Protection & Miscellaneous Goods & Services › Social protection"
139,Group,3,Other services,Lain-lain perkhidmatan,13,"Personal Care, Social Protection & Miscellaneous Goods & Services",139,Other services,,,"Personal Care, Social Protection & Miscellaneous Goods & Services › Other services"
0011,Class,4,Food away from home,Makanan di luar rumah,01,Food & Beverages,001,Food away from home,0011,Food away from home,Food & Beverages › Food away from home › Food away from home
0111,Class,4,Cereals & cereal products,Bijirin & produk bijirin,01,Food & Beverages,011,Food at home,0111,Cereals & cereal products,Food & Beverages › Food at home › Cereals & cereal products
0112,Class,4,Meat,Daging,01,Food & Beverages,011,Food at home,0112,Meat,Food & Beverages › Food at home › Meat
0113,Class,4,Fish & other seafood,Ikan & makanan laut lain,01,Food & Beverages,011,Food at home,0113,Fish & other seafood,Food & Beverages › Food at home › Fish & other seafood
0114,Class,4,"Milk, other dairy products & eggs","Susu, produk tenusu lain & telur",01,Food & Beverages,011,Food at home,0114,"Milk, other dairy products & eggs","Food & Beverages › Food at home › Milk, other dairy products & eggs"
0115,Class,4,Oils & fats,Minyak & lemak,01,Food & Beverages,011,Food at home,0115,Oils & fats,Food & Beverages › Food at home › Oils & fats
0116,Class,4,Fruits & nuts,Buah-buahan & kacang,01,Food & Beverages,011,Food at home,0116,Fruits & nuts,Food & Beverages › Food at home › Fruits & nuts
0117,Class,4,Vegetables,Sayur-sayuran,01,Food & Beverages,011,Food at home,0117,Vegetables,Food & Beverages › Food at home › Vegetables
0118,Class,4,"Sugar, confectionery & desserts","Gula, manisan & pencuci mulut",01,Food & Beverages,011,Food at home,0118,"Sugar, confectionery & desserts","Food & Beverages › Food at home › Sugar, confectionery & desserts"
0119,Class,4,Ready-made food & other food products n.e.c.,Makanan sedia dimakan & produk makanan lain t.t.t.l.,01,Food & Beverages,011,Food at home,0119,Ready-made food & other food products n.e.c.,Food & Beverages › Food at home › Ready-made food & other food products n.e.c.
0121,Class,4,Fruit & vegetable juices,Jus buah-buahan & sayur-sayuran,01,Food & Beverages,012,Non-alcoholic beverages,0121,Fruit & vegetable juices,Food & Beverages › Non-alcoholic beverages › Fruit & vegetable juices
0122,Class,4,Coffee & coffee substitutes,Kopi & pengganti kopi,01,Food & Beverages,012,Non-alcoholic beverages,0122,Coffee & coffee substitutes,Food & Beverages › Non-alcoholic beverages › Coffee & coffee substitutes
0123,Class,4,Tea,Teh,01,Food & Beverages,012,Non-alcoholic beverages,0123,Tea,Food & Beverages › Non-alcoholic beverages › Tea
0124,Class,4,Cocoa drinks,Minuman koko,01,Food & Beverages,012,Non-alcoholic beverages,0124,Cocoa drinks,Food & Beverages › Non-alcoholic beverages › Cocoa drinks
0125,Class,4,Water,Air,01,Food & Beverages,012,Non-alcoholic beverages,0125,Water,Food & Beverages › Non-alcoholic beverages › Water
0126,Class,4,Soft drinks,Minuman ringan,01,Food & Beverages,012,Non-alcoholic beverages,0126,Soft drinks,Food & Beverages › Non-alcoholic beverages › Soft drinks
0129,Class,4,Other non-alcoholic beverages,Minuman tidak beralkohol lain,01,Food & Beverages,012,Non-alcoholic beverages,0129,Other non-alcoholic beverages,Food & Beverages › Non-alcoholic beverages › Other non-alcoholic beverages
0211,Class,4,Spirits & liquors,Arak & minuman keras,02,Alcoholic Beverages & Tobacco,021,Alcoholic beverages,0211,Spirits & liquors,Alcoholic Beverages & Tobacco › Alcoholic beverages › Spirits & liquors
0212,Class,4,Wine,Wain,02,Alcoholic Beverages & Tobacco,021,Alcoholic beverages,0212,Wine,Alcoholic Beverages & Tobacco › Alcoholic beverages › Wine
0213,Class,4,Beer,Bir,02,Alcoholic Beverages & Tobacco,021,Alcoholic beverages,0213,Beer,Alcoholic Beverages & Tobacco › Alcoholic beverages › Beer
0230,Class,4,Tobacco,Tembakau,02,Alcoholic Beverages & Tobacco,023,Tobacco,0230,Tobacco,Alcoholic Beverages & Tobacco › Tobacco › Tobacco
0312,Class,4,Garments,Pakaian,03,Clothing & Footwear,031,Clothes,0312,Garments,Clothing & Footwear › Clothes › Garments
0313,Class,4,Other articles of clothing & clothing accessories,Lain-lain jenis pakaian & aksesori pakaian,03,Clothing & Footwear,031,Clothes,0313,Other articles of clothing & clothing accessories,Clothing & Footwear › Clothes › Other articles of clothing & clothing accessories
0314,Class,4,"Cleaning, repair, tailoring & hire of clothing","Pencucian, pembaikan, menjahit & sewa pakaian",03,Clothing & Footwear,031,Clothes,0314,"Cleaning, repair, tailoring & hire of clothing","Clothing & Footwear › Clothes › Cleaning, repair, tailoring & hire of clothing"
0321,Class,4,Shoes & other footwear,Kasut & lain-lain jenis alas kaki,03,Clothing & Footwear,032,Shoes,0321,Shoes & other footwear,Clothing & Footwear › Shoes › Shoes & other footwear
0411,Class,4,Actual rentals paid by tenants for main residence,Sewa sebenar yang dibayar oleh penyewa,04,"Housing, Water, Electricity, Gas & Other Fuels",041,Actual rentals for housing,0411,Actual rentals paid by tenants for main residence,"Housing, Water, Electricity, Gas & Other Fuels › Actual rentals for housing › Actual rentals paid by tenants for main residence"
0431,Class,4,Security equipment & materials for the maintenance & repair of the dwelling,Kelengkapan keselamatan & bahan-bahan untuk pembaikan & penyelenggaraan rumah kediaman,04,"Housing, Water, Electricity, Gas & Other Fuels",043,"Maintenance, repair & security of the dwelling",0431,Security equipment & materials for the maintenance & repair of the dwelling,"Housing, Water, Electricity, Gas & Other Fuels › Maintenance, repair & security of the dwelling › Security equipment & materials for the maintenance & repair of the dwelling"
0432,Class,4,"Services for the maintenance, repair & security of the dwelling","Bayaran perkhidmatan penyelenggaraan, pembaikan & keselamatan rumah kediaman",04,"Housing, Water, Electricity, Gas & Other Fuels",043,"Maintenance, repair & security of the dwelling",0432,"Services for the maintenance, repair & security of the dwelling","Housing, Water, Electricity, Gas & Other Fuels › Maintenance, repair & security of the dwelling › Services for the maintenance, repair & security of the dwelling"
0441,Class,4,Water supply,Bekalan air,04,"Housing, Water, Electricity, Gas & Other Fuels",044,Water supply & miscellaneous services relating to the dwelling,0441,Water supply,"Housing, Water, Electricity, Gas & Other Fuels › Water supply & miscellaneous services relating to the dwelling › Water supply"
0443,Class,4,Sewage collection,Pembetungan,04,"Housing, Water, Electricity, Gas & Other Fuels",044,Water supply & miscellaneous services relating to the dwelling,0443,Sewage collection,"Housing, Water, Electricity, Gas & Other Fuels › Water supply & miscellaneous services relating to the dwelling › Sewage collection"
0444,Class,4,Other services relating to the dwelling n.e.c.,Perkhidmatan lain berkaitan rumah kediaman t.t.t.l.,04,"Housing, Water, Electricity, Gas & Other Fuels",044,Water supply & miscellaneous services relating to the dwelling,0444,Other services relating to the dwelling n.e.c.,"Housing, Water, Electricity, Gas & Other Fuels › Water supply & miscellaneous services relating to the dwelling › Other services relating to the dwelling n.e.c."
0451,Class,4,Electricity,Bekalan elektrik,04,"Housing, Water, Electricity, Gas & Other Fuels",045,"Electricity, gas & fuel",0451,Electricity,"Housing, Water, Electricity, Gas & Other Fuels › Electricity, gas & fuel › Electricity"
0452,Class,4,Gas,Gas,04,"Housing, Water, Electricity, Gas & Other Fuels",045,"Electricity, gas & fuel",0452,Gas,"Housing, Water, Electricity, Gas & Other Fuels › Electricity, gas & fuel › Gas"
0511,Class,4,"Furniture, furnishings & loose carpets","Perabot, kelengkapan & permaidani",05,"Furnishings, Household Equipment & Routine Household Maintenance",051,"Furniture, furnishings & loose carpets",0511,"Furniture, furnishings & loose carpets","Furnishings, Household Equipment & Routine Household Maintenance › Furniture, furnishings & loose carpets › Furniture, furnishings & loose carpets"
0521,Class,4,Household textiles,Tekstil isi rumah,05,"Furnishings, Household Equipment & Routine Household Maintenance",052,Household textiles,0521,Household textiles,"Furnishings, Household Equipment & Routine Household Maintenance › Household textiles › Household textiles"
0531,Class,4,"Major household appliances, whether electric or not",Perkakasan utama isi rumah sama ada elektrik atau bukan elektrik,05,"Furnishings, Household Equipment & Routine Household Maintenance",053,Household appliances,0531,"Major household appliances, whether electric or not","Furnishings, Household Equipment & Routine Household Maintenance › Household appliances › Major household appliances, whether electric or not"
0532,Class,4,Small household appliances,Kelengkapan elektrik kecil isi rumah,05,"Furnishings, Household Equipment & Routine Household Maintenance",053,Household appliances,0532,Small household appliances,"Furnishings, Household Equipment & Routine Household Maintenance › Household appliances › Small household appliances"
0533,Class,4,"Repair, installation & hire of household appliances","Pembaikan, pemasangan & sewa perkakas isi rumah",05,"Furnishings, Household Equipment & Routine Household Maintenance",053,Household appliances,0533,"Repair, installation & hire of household appliances","Furnishings, Household Equipment & Routine Household Maintenance › Household appliances › Repair, installation & hire of household appliances"
0540,Class,4,"Glassware, tableware & household utensils","Barang kaca, pinggan mangkuk & peralatan dapur isi rumah",05,"Furnishings, Household Equipment & Routine Household Maintenance",054,"Glassware, tableware & household utensils",0540,"Glassware, tableware & household utensils","Furnishings, Household Equipment & Routine Household Maintenance › Glassware, tableware & household utensils › Glassware, tableware & household utensils"
0551,Class,4,Motorized tools & equipment,Alat-alat & peralatan bermotor,05,"Furnishings, Household Equipment & Routine Household Maintenance",055,Tools & equipment for house & garden,0551,Motorized tools & equipment,"Furnishings, Household Equipment & Routine Household Maintenance › Tools & equipment for house & garden › Motorized tools & equipment"
0552,Class,4,Non-motorized tools & miscellaneous accessories,Alat-alat tidak bermotor & pelbagai aksesori,05,"Furnishings, Household Equipment & Routine Household Maintenance",055,Tools & equipment for house & garden,0552,Non-motorized tools & miscellaneous accessories,"Furnishings, Household Equipment & Routine Household Maintenance › Tools & equipment for house & garden › Non-motorized tools & miscellaneous accessories"
0561,Class,4,Non-durable household goods,Barang-barang isi rumah tidak tahan lama,05,"Furnishings, Household Equipment & Routine Household Maintenance",056,Goods & services for routine household maintenance,0561,Non-durable household goods,"Furnishings, Household Equipment & Routine Household Maintenance › Goods & services for routine household maintenance › Non-durable household goods"
0562,Class,4,Domestic services & household services,Perkhidmatan domestik & perkhidmatan isi rumah,05,"Furnishings, Household Equipment & Routine Household Maintenance",056,Goods & services for routine household maintenance,0562,Domestic services & household services,"Furnishings, Household Equipment & Routine Household Maintenance › Goods & services for routine household maintenance › Domestic services & household services"
0611,Class,4,Medicines,Ubat-ubatan,06,Health,061,Medicines & health products,0611,Medicines,Health › Medicines & health products › Medicines
0612,Class,4,Medical products,Produk perubatan,06,Health,061,Medicines & health products,0612,Medical products,Health › Medicines & health products › Medical products
0613,Class,4,Assistive products,Alat bantu,06,Health,061,Medicines & health products,0613,Assistive products,Health › Medicines & health products › Assistive products
0622,Class,4,Outpatient dental services,Perkhidmatan pergigian pesakit luar,06,Health,062,Outpatient care services,0622,Outpatient dental services,Health › Outpatient care services › Outpatient dental services
0623,Class,4,Other outpatient care services (excluding preventive & dental),Perkhidmatan rawatan pesakit luar yang lain (tidak termasuk perkhidmatan pergigian),06,Health,062,Outpatient care services,0623,Other outpatient care services (excluding preventive & dental),Health › Outpatient care services › Other outpatient care services (excluding preventive & dental)
0631,Class,4,Inpatient curative & rehabilitative services,Perkhidmatan kuratif & pemulihan pesakit dalam,06,Health,063,Inpatient care services,0631,Inpatient curative & rehabilitative services,Health › Inpatient care services › Inpatient curative & rehabilitative services
0632,Class,4,Inpatient long term care services,Perkhidmatan rawatan jangka panjang pesakit dalam,06,Health,063,Inpatient care services,0632,Inpatient long term care services,Health › Inpatient care services › Inpatient long term care services
0641,Class,4,Diagnostic imaging services & medical laboratory services,Perkhidmatan pengimejan diagnostik & perkhidmatan makmal perubatan,06,Health,064,Others health services,0641,Diagnostic imaging services & medical laboratory services,Health › Others health services › Diagnostic imaging services & medical laboratory services
0711,Class,4,Motor cars,Kereta,07,Transport,071,Purchase of vehicles,0711,Motor cars,Transport › Purchase of vehicles › Motor cars
0712,Class,4,Motorcycles,Motosikal,07,Transport,071,Purchase of vehicles,0712,Motorcycles,Transport › Purchase of vehicles › Motorcycles
0713,Class,4,Bicycles,Basikal,07,Transport,071,Purchase of vehicles,0713,Bicycles,Transport › Purchase of vehicles › Bicycles
0721,Class,4,Parts & accessories for personal transport equipment,Alat ganti & aksesori untuk kelengkapan pengangkutan persendirian,07,Transport,072,Operation of personal transport equipment,0721,Parts & accessories for personal transport equipment,Transport › Operation of personal transport equipment › Parts & accessories for personal transport equipment
0722,Class,4,Fuels & lubricants for personal transport equipment,Bahan api & pelincir untuk kelengkapan pengangkutan persendirian,07,Transport,072,Operation of personal transport equipment,0722,Fuels & lubricants for personal transport equipment,Transport › Operation of personal transport equipment › Fuels & lubricants for personal transport equipment
0723,Class,4,Maintenance & repair of personal transport equipment,Penyelenggaraan & pembaikan kelengkapan kenderaan persendirian,07,Transport,072,Operation of personal transport equipment,0723,Maintenance & repair of personal transport equipment,Transport › Operation of personal transport equipment › Maintenance & repair of personal transport equipment
0724,Class,4,Other services in respect of personal transport equipment,Perkhidmatan lain berkenaan kelengkapan pengangkutan persendirian,07,Transport,072,Operation of personal transport equipment,0724,Other services in respect of personal transport equipment,Transport › Operation of personal transport equipment › Other services in respect of personal transport equipment
0731,Class,4,Passenger transport by railway,Pengangkutan penumpang menggunakan laluan rel,07,Transport,073,Passenger transport services,0731,Passenger transport by railway,Transport › Passenger transport services › Passenger transport by railway
0732,Class,4,Passenger transport by road,Pengangkutan penumpang menggunakan jalan raya,07,Transport,073,Passenger transport services,0732,Passenger transport by road,Transport › Passenger transport services › Passenger transport by road
0733,Class,4,Passenger transport by air,Pengangkutan penumpang melalui udara,07,Transport,073,Passenger transport services,0733,Passenger transport by air,Transport › Passenger transport services › Passenger transport by air
0734,Class,4,Passenger transport by sea & inland waterway,Pengangkutan penumpang melalui laut & air,07,Transport,073,Passenger transport services,0734,Passenger transport by sea & inland waterway,Transport › Passenger transport services › Passenger transport by sea & inland waterway
0749,Class,4,Other transport of goods,Pengangkutan barang-barang lain,07,Transport,074,Transport services of goods,0749,Other transport of goods,Transport › Transport services of goods › Other transport of goods
0812,Class,4,Mobile telephone equipment,Peralatan telefon bimbit,08,Information & Communication,081,Information & communication equipment,0812,Mobile telephone equipment,Information & Communication › Information & communication equipment › Mobile telephone equipment
0813,Class,4,Information processing equipment,Peralatan pemprosesan maklumat,08,Information & Communication,081,Information & communication equipment,0813,Information processing equipment,Information & Communication › Information & communication equipment › Information processing equipment
0814,Class,4,"Equipment for the reception, recording & reproduction of sound & vision","Peralatan untuk penerimaan, rakaman & penghasilan suara & penglihatan",08,Information & Communication,081,Information & communication equipment,0814,"Equipment for the reception, recording & reproduction of sound & vision","Information & Communication › Information & communication equipment › Equipment for the reception, recording & reproduction of sound & vision"
0819,Class,4,Other information & communication equipment & accessories,Peralatan & aksesori maklumat & komunikasi lain,08,Information & Communication,081,Information & communication equipment,0819,Other information & communication equipment & accessories,Information & Communication › Information & communication equipment › Other information & communication equipment & accessories
0832,Class,4,Mobile communication services,Perkhidmatan komunikasi mudah alih,08,Information & Communication,083,Information & communication services,0832,Mobile communication services,Information & Communication › Information & communication services › Mobile communication services
0833,Class,4,Internet access provision services & net storage services,Perkhidmatan penyediaan akses internet,08,Information & Communication,083,Information & communication services,0833,Internet access provision services & net storage services,Information & Communication › Information & communication services › Internet access provision services & net storage services
0834,Class,4,Bundled telecommunication services,Pakej perkhidmatan telekomunikasi,08,Information & Communication,083,Information & communication services,0834,Bundled telecommunication services,Information & Communication › Information & communication services › Bundled telecommunication services
0839,Class,4,Other information & communication services,Perkhidmatan maklumat & komunikasi lain,08,Information & Communication,083,Information & communication services,0839,Other information & communication services,Information & Communication › Information & communication services › Other information & communication services
0921,Class,4,"Games, toys & hobbies","Permainan, mainan & hobi",09,"Recreation, Sport & Culture",092,Other recreational goods,0921,"Games, toys & hobbies","Recreation, Sport & Culture › Other recreational goods › Games, toys & hobbies"
0922,Class,4,"Equipment for sport, camping & open-air recreation","Kelengkapan untuk bersukan, perkhemahan & rekreasi terbuka",09,"Recreation, Sport & Culture",092,Other recreational goods,0922,"Equipment for sport, camping & open-air recreation","Recreation, Sport & Culture › Other recreational goods › Equipment for sport, camping & open-air recreation"
0931,Class,4,"Garden products, plants & flowers","Produk kebun, tanaman & bunga",09,"Recreation, Sport & Culture",093,Garden products & pets,0931,"Garden products, plants & flowers","Recreation, Sport & Culture › Garden products & pets › Garden products, plants & flowers"
0932,Class,4,Pets & products for pets,Binatang peliharaan & produk untuk binatang peliharaan,09,"Recreation, Sport & Culture",093,Garden products & pets,0932,Pets & products for pets,"Recreation, Sport & Culture › Garden products & pets › Pets & products for pets"
0945,Class,4,Veterinary & other services for pets,Veterinar & lain-lain perkhidmatan untuk binatang peliharaan,09,"Recreation, Sport & Culture",094,Recreational services,0945,Veterinary & other services for pets,"Recreation, Sport & Culture › Recreational services › Veterinary & other services for pets"
0946,Class,4,Recreational & sporting services,Perkhidmatan rekreasi & sukan,09,"Recreation, Sport & Culture",094,Recreational services,0946,Recreational & sporting services,"Recreation, Sport & Culture › Recreational services › Recreational & sporting services"
0951,Class,4,Musical instruments,Alat muzik,09,"Recreation, Sport & Culture",095,Cultural goods,0951,Musical instruments,"Recreation, Sport & Culture › Cultural goods › Musical instruments"
0961,Class,4,"Services provided by cinemas, theatres & concert venues",Perkhidmatan yang disediakan oleh panggung wayang,09,"Recreation, Sport & Culture",096,Cultural services,0961,"Services provided by cinemas, theatres & concert venues","Recreation, Sport & Culture › Cultural services › Services provided by cinemas, theatres & concert venues"
0962,Class,4,"Services provided by museums, libraries, & cultural sites",Perkhidmatan yang disediakan oleh muzium,09,"Recreation, Sport & Culture",096,Cultural services,0962,"Services provided by museums, libraries, & cultural sites","Recreation, Sport & Culture › Cultural services › Services provided by museums, libraries, & cultural sites"
0971,Class,4,Books,Buku,09,"Recreation, Sport & Culture",097,"Newpapers, books & stationery",0971,Books,"Recreation, Sport & Culture › Newpapers, books & stationery › Books"
0972,Class,4,Newspapers & periodicals,Surat khabar & bacaan berkala,09,"Recreation, Sport & Culture",097,"Newpapers, books & stationery",0972,Newspapers & periodicals,"Recreation, Sport & Culture › Newpapers, books & stationery › Newspapers & periodicals"
0974,Class,4,Stationery & drawing materials,Alat tulis & bahan lukisan,09,"Recreation, Sport & Culture",097,"Newpapers, books & stationery",0974,Stationery & drawing materials,"Recreation, Sport & Culture › Newpapers, books & stationery › Stationery & drawing materials"
0980,Class,4,Package holidays,Pakej percutian,09,"Recreation, Sport & Culture",098,Package holidays,0980,Package holidays,"Recreation, Sport & Culture › Package holidays › Package holidays"
1010,Class,4,Pre primary & primary education,Pendidikan peringkat pra sekolah & sekolah rendah,10,Education,101,Pre primary & primary education,1010,Pre primary & primary education,Education › Pre primary & primary education › Pre primary & primary education
1020,Class,4,Secondary education,Pendidikan peringkat menengah,10,Education,102,Secondary education,1020,Secondary education,Education › Secondary education › Secondary education
1030,Class,4,Post-secondary non-tertiary education,Pendidikan peringkat lepasan menengah bukan tertiari,10,Education,103,Post-secondary non-tertiary education,1030,Post-secondary non-tertiary education,Education › Post-secondary non-tertiary education › Post-secondary non-tertiary education
1040,Class,4,Tertiary education,Pendidikan peringkat diploma & ke atas,10,Education,104,Tertiary education,1040,Tertiary education,Education › Tertiary education › Tertiary education
1050,Class,4,"Education not defined by level
",Pendidikan yang tidak dikelaskan mengikut peringkat,10,Education,105,Education not defined by level,1050,"Education not defined by level
","Education › Education not defined by level › Education not defined by level
"
1111,Class,4,"Restaurants, cafés & the like","Restoran, kafe & seumpamanya",11,Restaurant & Accommodation Services,111,Food & beverage preparation services,1111,"Restaurants, cafés & the like","Restaurant & Accommodation Services › Food & beverage preparation services › Restaurants, cafés & the like"
1120,Class,4,Accommodation services,Perkhidmatan penginapan,11,Restaurant & Accommodation Services,112,Accommodation services,1120,Accommodation services,Restaurant & Accommodation Services › Accommodation services › Accommodation services
1212,Class,4,Insurance connected with health,Insurans berkaitan dengan kesihatan,12,Insurance & Financial Services,121,Insurance,1212,Insurance connected with health,Insurance & Financial Services › Insurance › Insurance connected with health
1214,Class,4,Insurance connected with transport,Insurans berkaitan dengan pengangkutan,12,Insurance & Financial Services,121,Insurance,1214,Insurance connected with transport,Insurance & Financial Services › Insurance › Insurance connected with transport
1222,Class,4,Explicit charges by deposit-taking corporations,Caj eksplisit oleh syarikat pengambilan deposit,12,Insurance & Financial Services,122,Financial Services,1222,Explicit charges by deposit-taking corporations,Insurance & Financial Services › Financial Services › Explicit charges by deposit-taking corporations
1312,Class,4,"Other appliances, articles & products for personal care","Lain-lain perkakas, artikel & produk untuk penjagaan diri",13,"Personal Care, Social Protection & Miscellaneous Goods & Services",131,Personal care,1312,"Other appliances, articles & products for personal care","Personal Care, Social Protection & Miscellaneous Goods & Services › Personal care › Other appliances, articles & products for personal care"
1313,Class,4,Hairdressing salons & personal grooming establishments,Salon dandanan rambut & pusat dandanan peribadi,13,"Personal Care, Social Protection & Miscellaneous Goods & Services",131,Personal care,1313,Hairdressing salons & personal grooming establishments,"Personal Care, Social Protection & Miscellaneous Goods & Services › Personal care › Hairdressing salons & personal grooming establishments"
1321,Class,4,Jewellery & watches,Barang kemas & jam tangan,13,"Personal Care, Social Protection & Miscellaneous Goods & Services",132,Other personal item,1321,Jewellery & watches,"Personal Care, Social Protection & Miscellaneous Goods & Services › Other personal item › Jewellery & watches"
1322,Class,4,Devotional articles & articles for religious & ritual celebrations,Artikel pemujaan & artikel untuk perayaan keagamaan & ritual,13,"Personal Care, Social Protection & Miscellaneous Goods & Services",132,Other personal item,1322,Devotional articles & articles for religious & ritual celebrations,"Personal Care, Social Protection & Miscellaneous Goods & Services › Other personal item › Devotional articles & articles for religious & ritual celebrations"
1329,Class,4,Other personal effects n.e.c,Barang peribadi lain t.t.t.l.,13,"Personal Care, Social Protection & Miscellaneous Goods & Services",132,Other personal item,1329,Other personal effects n.e.c,"Personal Care, Social Protection & Miscellaneous Goods & Services › Other personal item › Other personal effects n.e.c"
1330,Class,4,Social protection,Perlidungan sosial,13,"Personal Care, Social Protection & Miscellaneous Goods & Services",133,Social protection,1330,Social protection,"Personal Care, Social Protection & Miscellaneous Goods & Services › Social protection › Social protection"
1390,Class,4,Other services,Lain-lain perkhidmatan,13,"Personal Care, Social Protection & Miscellaneous Goods & Services",139,Other services,1390,Other services,"Personal Care, Social Protection & Miscellaneous Goods & Services › Other services › Other services"
